Time,asks,bids,price
2020-03-28 22:00:00 UTC,10514458.6666667,7154916.0,6222.71666666667
2020-03-28 23:00:00 UTC,10311610.7333333,9069302.93333333,6219.51666666667
2020-03-29 00:00:00 UTC,9388208.64285714,10826070.8571429,6231.53571428571
2020-03-29 01:00:00 UTC,10239125.1428571,11669555.9285714,6208.67857142857
2020-03-29 02:00:00 UTC,12561903.3571429,10578124.7857143,6224.92857142857
2020-03-29 03:00:00 UTC,10883144.8461538,11609734.4615385,6210.59615384615
2020-03-29 04:00:00 UTC,11348922.4615385,12468046.4615385,6209.21153846154
2020-03-29 05:00:00 UTC,10582248.0,14122547.0,6188.41666666667
2020-03-29 06:00:00 UTC,11578346.0769231,12935258.5384615,6153.59615384615
2020-03-29 07:00:00 UTC,12022026.4166667,12536749.5833333,6147.16666666667
2020-03-29 08:00:00 UTC,11652421.3636364,11898865.5454545,6110.38636363636
2020-03-29 09:00:00 UTC,12949687.4545455,11838741.2727273,6111.97727272727
2020-03-29 10:00:00 UTC,14963151.3636364,12030434.3636364,6109.15909090909
2020-03-29 11:00:00 UTC,11016938.0,12572757.2,6149.95
2020-03-29 12:00:00 UTC,10719197.3333333,10607878.6666667,6102.86111111111
2020-03-29 13:00:00 UTC,9963581.55555556,11540841.0,6114.25
2020-03-29 14:00:00 UTC,11322636.8888889,10436978.6666667,6128.36111111111
2020-03-29 15:00:00 UTC,11467723.125,11945631.0,6130.0625
2020-03-29 16:00:00 UTC,11116650.0,10990550.7142857,6105.32142857143
2020-03-29 17:00:00 UTC,11833637.1428571,9117799.14285714,6086.82142857143
2020-03-29 18:00:00 UTC,10751004.625,10937733.375,6089.625
2020-03-29 19:00:00 UTC,10208886.1666667,10419827.0,6001.83333333333
2020-03-29 20:00:00 UTC,9891827.25,10423454.25,5912.875
2020-03-29 21:00:00 UTC,11139253.8333333,9666100.16666667,5916.25
2020-03-29 22:00:00 UTC,11190750.7142857,10442179.5714286,5913.60714285714
2020-03-29 23:00:00 UTC,10953257.3333333,12535942.0,5905.16666666667
2020-03-30 00:00:00 UTC,12211540.2857143,10857126.8571429,5891.82142857143
2020-03-30 01:00:00 UTC,12968813.8571429,12879309.4285714,5917.89285714286
2020-03-30 02:00:00 UTC,8670995.5,11311791.0,5999.875
2020-03-30 03:00:00 UTC,11443741.8333333,14539511.5,5995.5
2020-03-30 04:00:00 UTC,12300925.1666667,14226825.0,6021.75
2020-03-30 05:00:00 UTC,7777244.0,14327561.6,6191.35
2020-03-30 06:00:00 UTC,9118701.16666667,15369641.5,6207.58333333333
2020-03-30 07:00:00 UTC,9231508.6,11040106.6,6276.85
2020-03-30 08:00:00 UTC,10461002.6666667,10040840.6666667,6278.66666666667
2020-03-30 09:00:00 UTC,11024103.8333333,15368565.0,6274.25
2020-03-30 10:00:00 UTC,12564525.6,15975354.0,6284.15
2020-03-30 11:00:00 UTC,12832021.0,14045675.2,6336.65
2020-03-30 12:00:00 UTC,11033700.8,14210652.8,6352.15
2020-03-30 13:00:00 UTC,12823287.5,13685485.5,6342.75
2020-03-30 14:00:00 UTC,11524901.2,14375186.8,6326.45
2020-03-30 15:00:00 UTC,10538873.75,13462844.25,6374.875
2020-03-30 16:00:00 UTC,13871415.5,12444369.75,6357.5
2020-03-30 17:00:00 UTC,12164269.4,11883747.6,6362.95
2020-03-30 18:00:00 UTC,12856745.0,11660468.0,6361.05
2020-03-30 19:00:00 UTC,8990954.33333333,11888174.0,6368.08333333333
2020-03-30 20:00:00 UTC,9381210.75,10753683.75,6454.5
2020-03-30 21:00:00 UTC,9370421.25,10509108.0,6518.0
2020-03-30 22:00:00 UTC,10333539.8,9651831.8,6543.55
2020-03-30 23:00:00 UTC,8747009.75,12787575.25,6445.0
2020-03-31 00:00:00 UTC,12242415.25,9639678.5,6457.375
2020-03-31 01:00:00 UTC,12822948.0,9482437.66666667,6484.25
2020-03-31 02:00:00 UTC,12852516.0,9562526.25,6496.75
2020-03-31 03:00:00 UTC,12661921.6666667,10279562.0,6449.58333333333
2020-03-31 04:00:00 UTC,10751146.5,12245160.75,6422.375
2020-03-31 05:00:00 UTC,13567435.75,14026705.0,6411.5
2020-03-31 06:00:00 UTC,13452002.5,12934119.75,6434.625
2020-03-31 07:00:00 UTC,12218973.0,11249914.0,6445.25
2020-03-31 08:00:00 UTC,13767567.25,10362859.25,6480.375
2020-03-31 09:00:00 UTC,11147194.3333333,11193636.6666667,6466.25
2020-03-31 10:00:00 UTC,12301957.0,12994983.6666667,6428.58333333333
2020-03-31 11:00:00 UTC,12025138.25,15624786.0,6393.625
2020-03-31 12:00:00 UTC,11720660.6666667,12449756.3333333,6395.41666666667
2020-03-31 13:00:00 UTC,11545978.0,11958398.0,6442.58333333333
2020-03-31 14:00:00 UTC,13311147.6666667,10479904.0,6466.75
2020-03-31 15:00:00 UTC,11891084.6666667,10053478.6666667,6464.75
2020-03-31 16:00:00 UTC,12118129.3333333,9442675.66666667,6453.58333333333
2020-03-31 17:00:00 UTC,11770252.6666667,9457738.0,6446.41666666667
2020-03-31 18:00:00 UTC,13573629.3333333,8427487.66666667,6473.58333333333
2020-03-31 19:00:00 UTC,11051249.5,8898154.0,6460.5
2020-03-31 20:00:00 UTC,12047655.3333333,10920621.3333333,6477.41666666667
2020-03-31 21:00:00 UTC,11106912.3333333,11696993.3333333,6469.08333333333
2020-03-31 22:00:00 UTC,11194805.6666667,11435304.0,6442.58333333333
2020-03-31 23:00:00 UTC,11478001.0,13309006.5,6427.75
2020-04-01 00:00:00 UTC,11720433.6666667,10073778.0,6303.58333333333
2020-04-01 01:00:00 UTC,14399742.3333333,11475782.3333333,6298.08333333333
2020-04-01 02:00:00 UTC,16209968.0,10433901.3333333,6314.08333333333
2020-04-01 03:00:00 UTC,16787449.0,9374495.0,6358.25
2020-04-01 04:00:00 UTC,16075601.3333333,11737539.3333333,6350.58333333333
2020-04-01 05:00:00 UTC,12261439.25,14302215.5,6318.75
2020-04-01 06:00:00 UTC,14518082.6666667,13454388.6666667,6303.91666666667
2020-04-01 07:00:00 UTC,15849531.25,11847043.0,6315.5
2020-04-01 08:00:00 UTC,14715254.6666667,13932518.6666667,6304.41666666667
2020-04-01 09:00:00 UTC,15290452.25,15082760.0,6298.125
2020-04-01 10:00:00 UTC,15505156.75,16157111.75,6301.25
2020-04-01 11:00:00 UTC,15776202.6666667,17477866.6666667,6288.75
2020-04-01 12:00:00 UTC,14642926.5,14566127.25,6253.5
2020-04-01 13:00:00 UTC,16239237.6666667,15903936.3333333,6225.08333333333
2020-04-01 14:00:00 UTC,16431924.75,11913995.75,6236.625
2020-04-01 15:00:00 UTC,16428085.0,15156713.3333333,6241.41666666667
2020-04-01 16:00:00 UTC,12286451.0,15709937.25,6193.25
2020-04-01 17:00:00 UTC,15080111.6666667,10063885.0,6198.75
2020-04-01 18:00:00 UTC,15380058.25,10668799.5,6206.75
2020-04-01 19:00:00 UTC,14445656.25,11582700.75,6195.75
2020-04-01 20:00:00 UTC,12710467.6666667,10619376.6666667,6279.91666666667
2020-04-01 21:00:00 UTC,11449221.0,12185426.75,6363.625
2020-04-01 22:00:00 UTC,10243081.5,11353305.5,6501.0
2020-04-01 23:00:00 UTC,11934611.3333333,10356651.0,6606.08333333333
2020-04-02 00:00:00 UTC,9868061.33333333,12223200.6666667,6664.25
2020-04-02 01:00:00 UTC,10087333.5,11946708.0,6649.625
2020-04-02 02:00:00 UTC,13107122.5,10705403.5,6624.625
2020-04-02 03:00:00 UTC,12410101.75,14581015.0,6614.625
2020-04-02 04:00:00 UTC,13979832.0,12335079.25,6627.5
2020-04-02 05:00:00 UTC,13618771.5,15084551.5,6606.5
2020-04-02 06:00:00 UTC,16113955.25,12426304.75,6631.125
2020-04-02 07:00:00 UTC,14111408.3333333,11845783.0,6660.58333333333
2020-04-02 08:00:00 UTC,11474592.25,13217164.75,6655.25
2020-04-02 09:00:00 UTC,12182070.0,14448722.0,6655.875
2020-04-02 10:00:00 UTC,9640667.66666667,13951074.6666667,6663.58333333333
2020-04-02 11:00:00 UTC,11109698.25,13211665.0,6675.875
2020-04-02 12:00:00 UTC,12620207.0,13442778.3333333,6698.75
2020-04-02 13:00:00 UTC,12735821.6666667,16420135.0,6652.91666666667
2020-04-02 14:00:00 UTC,16622640.25,12437710.25,6714.875
2020-04-02 15:00:00 UTC,13776805.3333333,12576426.0,6777.41666666667
2020-04-02 16:00:00 UTC,26067515.0,8752696.5,6895.0625
2020-04-02 17:00:00 UTC,8851406.66666667,11218796.3333333,7120.58333333333
2020-04-02 18:00:00 UTC,8898363.0,8925207.5,6914.625
2020-04-02 19:00:00 UTC,13666516.5,5751209.75,6814.75
2020-04-02 20:00:00 UTC,9237373.75,9224152.25,6735.75
2020-04-02 21:00:00 UTC,17110239.0,9133444.5,6778.5
2020-04-02 22:00:00 UTC,21443671.25,7887317.25,6823.75
2020-04-02 23:00:00 UTC,14103315.0,9373995.75,6794.75
2020-04-03 00:00:00 UTC,12925566.5,10966004.25,6779.125
2020-04-03 01:00:00 UTC,13349609.0,14313327.25,6767.125
2020-04-03 02:00:00 UTC,17787495.0,10359478.5,6804.75
2020-04-03 03:00:00 UTC,16327525.5,10234613.25,6802.125
2020-04-03 04:00:00 UTC,12188202.25,11783859.5,6778.875
2020-04-03 05:00:00 UTC,11563577.3333333,11687761.3333333,6768.41666666667
2020-04-03 06:00:00 UTC,17119760.25,9849939.75,6798.125
2020-04-03 07:00:00 UTC,15070785.25,12178259.5,6878.875
2020-04-03 08:00:00 UTC,11184717.0,10868596.6666667,6911.58333333333
2020-04-03 09:00:00 UTC,12402278.0,10831690.5,6930.125
2020-04-03 10:00:00 UTC,11844308.0,11403244.0,6966.75
2020-04-03 11:00:00 UTC,11018135.6666667,13260804.6666667,6978.91666666667
2020-04-03 12:00:00 UTC,15933202.5,11755952.0,6965.875
2020-04-03 13:00:00 UTC,13204121.5,10410644.5,6909.0
2020-04-03 14:00:00 UTC,13674746.6666667,12140332.0,6805.91666666667
2020-04-03 15:00:00 UTC,14783493.0,11105388.25,6755.875
2020-04-03 16:00:00 UTC,14161688.5,12031276.0,6679.375
2020-04-03 17:00:00 UTC,11218385.75,8972240.0,6716.0
2020-04-03 18:00:00 UTC,11216478.5,7813884.25,6715.5
2020-04-03 19:00:00 UTC,11198822.5,8703201.25,6755.25
2020-04-03 20:00:00 UTC,14981914.0,8506824.25,6755.25
2020-04-03 21:00:00 UTC,9113231.66666667,7257439.33333333,6722.41666666667
2020-04-03 22:00:00 UTC,11155469.0,9102535.33333333,6725.75
2020-04-03 23:00:00 UTC,11692525.5,8534296.5,6752.875
2020-04-04 00:00:00 UTC,11609277.6666667,10367120.3333333,6738.91666666667
2020-04-04 01:00:00 UTC,13871591.5,9560313.75,6772.125
2020-04-04 02:00:00 UTC,12251544.3333333,12072559.0,6725.25
2020-04-04 03:00:00 UTC,12505112.3333333,11438020.6666667,6697.91666666667
2020-04-04 04:00:00 UTC,14296922.3333333,9727424.0,6713.91666666667
2020-04-04 05:00:00 UTC,13875653.0,9402355.0,6732.25
2020-04-04 06:00:00 UTC,12171799.6666667,12244338.3333333,6718.58333333333
2020-04-04 07:00:00 UTC,15247870.3333333,11282763.3333333,6734.91666666667
2020-04-04 08:00:00 UTC,16995255.0,9651660.66666667,6760.41666666667
2020-04-04 09:00:00 UTC,16715742.6666667,11588000.0,6772.41666666667
2020-04-04 10:00:00 UTC,14003030.5,12188801.0,6870.125
2020-04-04 11:00:00 UTC,12089842.3333333,13241470.6666667,6809.08333333333
2020-04-04 12:00:00 UTC,17219134.6666667,11814890.3333333,6709.75
2020-04-04 13:00:00 UTC,18192089.5,12222214.25,6720.75
2020-04-04 14:00:00 UTC,16800980.3333333,11499132.0,6723.41666666667
2020-04-04 15:00:00 UTC,16227820.3333333,11683324.6666667,6741.58333333333
2020-04-04 16:00:00 UTC,16981045.0,11243908.6666667,6774.08333333333
2020-04-04 17:00:00 UTC,14072868.6666667,10740615.0,6790.58333333333
2020-04-04 18:00:00 UTC,14675022.6666667,11098048.0,6788.58333333333
2020-04-04 19:00:00 UTC,12492717.0,10598259.3333333,6764.58333333333
2020-04-04 20:00:00 UTC,10253909.25,8683005.0,6799.5
2020-04-04 21:00:00 UTC,9822412.0,9724172.0,6869.08333333333
2020-04-04 22:00:00 UTC,9520866.66666667,8297886.33333333,6858.08333333333
2020-04-04 23:00:00 UTC,9368906.66666667,10777924.6666667,6850.41666666667
2020-04-05 00:00:00 UTC,10440379.25,10322585.0,6879.0
2020-04-05 01:00:00 UTC,10581496.3333333,9791085.0,6873.41666666667
2020-04-05 02:00:00 UTC,10968684.6666667,11351052.3333333,6839.58333333333
2020-04-05 03:00:00 UTC,10770150.5,12566703.5,6827.25
2020-04-05 04:00:00 UTC,11257553.6666667,13325588.6666667,6782.41666666667
2020-04-05 05:00:00 UTC,12124155.5,10229864.25,6802.75
2020-04-05 06:00:00 UTC,10468379.3333333,13455331.6666667,6770.58333333333
2020-04-05 07:00:00 UTC,12243581.25,11820717.25,6772.875
2020-04-05 08:00:00 UTC,13566230.0,12115576.3333333,6784.91666666667
2020-04-05 09:00:00 UTC,13208055.0,13135287.6666667,6791.41666666667
2020-04-05 10:00:00 UTC,15170400.0,14798015.0,6772.25
2020-04-05 11:00:00 UTC,10609802.25,12550915.0,6785.75
2020-04-05 12:00:00 UTC,13282157.0,14155084.0,6790.75
2020-04-05 13:00:00 UTC,14748926.3333333,15503311.6666667,6802.75
2020-04-05 14:00:00 UTC,11683860.5,16031163.5,6779.0
2020-04-05 15:00:00 UTC,15106156.0,13751791.6666667,6794.25
2020-04-05 16:00:00 UTC,14195074.75,14808401.75,6783.0
2020-04-05 17:00:00 UTC,11508372.6666667,11156952.3333333,6733.25
2020-04-05 18:00:00 UTC,10931187.0,12706197.0,6809.75
2020-04-05 19:00:00 UTC,10566069.0,14823828.25,6804.375
2020-04-05 20:00:00 UTC,10663749.6666667,13408897.3333333,6768.08333333333
2020-04-05 21:00:00 UTC,12176795.0,11928332.25,6759.375
2020-04-05 22:00:00 UTC,10830783.0,10591002.0,6789.41666666667
2020-04-05 23:00:00 UTC,13173606.25,11637645.75,6791.375
2020-04-06 00:00:00 UTC,11902692.75,10656923.0,6830.375
2020-04-06 01:00:00 UTC,12491488.6666667,13597044.6666667,6851.75
2020-04-06 02:00:00 UTC,13252039.6666667,13686144.3333333,6833.91666666667
2020-04-06 03:00:00 UTC,15894038.0,13705508.5,6844.5
2020-04-06 04:00:00 UTC,17598942.3333333,11224562.0,6916.25
2020-04-06 05:00:00 UTC,18290938.0,12497216.25,6962.75
2020-04-06 06:00:00 UTC,16007936.6666667,13626084.6666667,7035.91666666667
2020-04-06 07:00:00 UTC,12973948.5,15190933.75,7047.25
2020-04-06 08:00:00 UTC,16809041.6666667,15088349.3333333,7072.58333333333
2020-04-06 09:00:00 UTC,19378533.75,11987955.5,7124.25
2020-04-06 10:00:00 UTC,17272185.6666667,14366757.3333333,7125.08333333333
2020-04-06 11:00:00 UTC,13769073.75,14831502.25,7113.125
2020-04-06 12:00:00 UTC,18458480.0,12759094.3333333,7137.91666666667
2020-04-06 13:00:00 UTC,18151441.0,14333834.5,7132.375
2020-04-06 14:00:00 UTC,16314017.5,14438261.75,7108.125
2020-04-06 15:00:00 UTC,18973670.3333333,14831961.6666667,7120.58333333333
2020-04-06 16:00:00 UTC,16170166.25,12664970.0,7140.375
2020-04-06 17:00:00 UTC,19188051.0,12120318.5,7180.5
2020-04-06 18:00:00 UTC,21608062.75,10761623.75,7216.5
2020-04-06 19:00:00 UTC,16059919.0,12425530.0,7288.125
2020-04-06 20:00:00 UTC,10700342.3333333,13128157.3333333,7252.25
2020-04-06 21:00:00 UTC,11044989.25,12655143.5,7256.875
2020-04-06 22:00:00 UTC,13687431.0,12780679.75,7270.625
2020-04-06 23:00:00 UTC,13209193.0,11720857.3333333,7282.91666666667
2020-04-07 00:00:00 UTC,12893258.3333333,12348385.6666667,7399.08333333333
2020-04-07 01:00:00 UTC,12609745.0,15627555.0,7388.0
2020-04-07 02:00:00 UTC,12769315.0,14339781.0,7321.75
2020-04-07 03:00:00 UTC,13657533.6666667,13076754.6666667,7288.25
2020-04-07 04:00:00 UTC,13046456.0,14071030.75,7277.0
2020-04-07 05:00:00 UTC,16005089.6666667,11824663.3333333,7282.75
2020-04-07 06:00:00 UTC,15938182.75,13493621.0,7287.875
2020-04-07 07:00:00 UTC,19166149.25,13946316.5,7355.125
2020-04-07 08:00:00 UTC,16657009.0,15434414.6666667,7347.58333333333
2020-04-07 09:00:00 UTC,18831088.0,13136747.5,7357.0
2020-04-07 10:00:00 UTC,19359170.25,13452506.75,7405.75
2020-04-07 11:00:00 UTC,18622086.75,15191585.0,7406.125
2020-04-07 12:00:00 UTC,17536964.0,13495713.25,7381.125
2020-04-07 13:00:00 UTC,16998050.5,12130929.75,7366.25
2020-04-07 14:00:00 UTC,14944587.75,16714095.75,7314.875
2020-04-07 15:00:00 UTC,16783079.75,14801090.0,7321.5
2020-04-07 16:00:00 UTC,16401087.5,14636349.5,7360.75
2020-04-07 17:00:00 UTC,15480267.6,15408484.6,7351.15
2020-04-07 18:00:00 UTC,12730716.75,15931627.75,7316.625
2020-04-07 19:00:00 UTC,11874880.25,12686783.25,7327.75
2020-04-07 20:00:00 UTC,12290449.0,10252739.5,7151.875
2020-04-07 21:00:00 UTC,14346951.0,9335572.0,7168.5
2020-04-07 22:00:00 UTC,12704428.0,10136816.0,7164.91666666667
2020-04-07 23:00:00 UTC,14732791.6,10790888.8,7180.65
2020-04-08 00:00:00 UTC,15162855.3333333,13058927.6666667,7182.91666666667
2020-04-08 01:00:00 UTC,14393403.5,12705465.5,7170.0
2020-04-08 02:00:00 UTC,15759010.5,12648923.25,7202.0
2020-04-08 03:00:00 UTC,16978989.75,14692287.0,7357.125
2020-04-08 04:00:00 UTC,13542045.3333333,19743880.3333333,7357.75
2020-04-08 05:00:00 UTC,15305008.75,17708324.75,7367.375
2020-04-08 06:00:00 UTC,13841322.25,19179281.25,7349.125
2020-04-08 07:00:00 UTC,16198897.75,13598140.0,7330.625
2020-04-08 08:00:00 UTC,15315921.25,17106958.75,7306.0
2020-04-08 09:00:00 UTC,17732877.75,15125847.5,7302.875
2020-04-08 10:00:00 UTC,17010797.0,14949406.5,7295.125
2020-04-08 11:00:00 UTC,14431472.0,16228809.3333333,7260.91666666667
2020-04-08 12:00:00 UTC,17629835.6,12926622.4,7287.45
2020-04-08 13:00:00 UTC,14351227.25,15544257.5,7259.625
2020-04-08 14:00:00 UTC,16875594.5,11061110.75,7257.75
2020-04-08 15:00:00 UTC,18412182.25,13589992.25,7272.5
2020-04-08 16:00:00 UTC,19072721.75,12341385.0,7293.375
2020-04-08 17:00:00 UTC,20166257.5,13673979.0,7319.25
2020-04-08 18:00:00 UTC,19621677.6,12433055.4,7319.15
2020-04-08 19:00:00 UTC,19246302.4,13309734.8,7301.15
2020-04-08 20:00:00 UTC,19964005.5,11190227.0,7341.25
2020-04-08 21:00:00 UTC,19391911.0,11086318.8,7344.15
2020-04-08 22:00:00 UTC,16844688.6,11533966.6,7345.15
2020-04-08 23:00:00 UTC,17149208.8,13668116.6,7367.65
2020-04-09 00:00:00 UTC,15101317.0,15184663.4,7346.55
2020-04-09 01:00:00 UTC,13643599.0,17744805.5,7324.0
2020-04-09 02:00:00 UTC,13704249.8,19584847.2,7305.85
2020-04-09 03:00:00 UTC,13400807.75,21424910.5,7290.125
2020-04-09 04:00:00 UTC,15785551.75,18196462.25,7269.625
2020-04-09 05:00:00 UTC,17329848.0,14939971.75,7292.5
2020-04-09 06:00:00 UTC,17255198.0,14877441.75,7313.5
2020-04-09 07:00:00 UTC,18328342.75,16637618.5,7321.5
2020-04-09 08:00:00 UTC,17290416.0,16751666.25,7347.25
2020-04-09 09:00:00 UTC,15845032.0,21064744.75,7322.125
2020-04-09 10:00:00 UTC,16572972.0,19361861.6666667,7312.91666666667
2020-04-09 11:00:00 UTC,16650913.75,17863187.5,7303.625
2020-04-09 12:00:00 UTC,13046728.3333333,13404894.3333333,7213.08333333333
2020-04-09 13:00:00 UTC,15301422.25,14009068.0,7322.5
2020-04-09 14:00:00 UTC,15338593.0,15947693.75,7318.75
2020-04-09 15:00:00 UTC,15541353.3333333,17810229.6666667,7297.25
2020-04-09 16:00:00 UTC,16818424.5,15002042.5,7290.5
2020-04-09 17:00:00 UTC,18318651.0,14044160.0,7302.875
2020-04-09 18:00:00 UTC,14817263.3333333,16931048.3333333,7271.75
2020-04-09 19:00:00 UTC,15206768.5,13090626.25,7263.625
2020-04-09 20:00:00 UTC,17236104.5,13923673.0,7264.0
2020-04-09 21:00:00 UTC,16416756.0,11090708.75,7294.375
2020-04-09 22:00:00 UTC,17848509.3333333,12089746.6666667,7311.75
2020-04-09 23:00:00 UTC,17607750.25,14034959.5,7297.25
2020-04-10 00:00:00 UTC,17525295.3333333,14669003.0,7276.91666666667
2020-04-10 01:00:00 UTC,19313879.0,15655037.25,7277.5
2020-04-10 02:00:00 UTC,16838311.6666667,18226649.6666667,7253.08333333333
2020-04-10 03:00:00 UTC,14015139.0,18763532.0,7208.25
2020-04-10 04:00:00 UTC,14010127.0,11578018.0,7127.0
2020-04-10 05:00:00 UTC,11640078.6666667,12250636.6666667,6954.41666666667
2020-04-10 06:00:00 UTC,15390902.75,15367874.0,6972.0
2020-04-10 07:00:00 UTC,13530649.75,13762397.0,6912.5
2020-04-10 08:00:00 UTC,16401944.25,13810636.25,6930.0
2020-04-10 09:00:00 UTC,13224913.0,18336014.0,6899.08333333333
2020-04-10 10:00:00 UTC,22991806.0,12999530.75,6922.75
2020-04-10 11:00:00 UTC,18224595.75,15685315.0,6914.25
2020-04-10 12:00:00 UTC,17519593.75,16373653.0,6910.75
2020-04-10 13:00:00 UTC,16103419.0,16111677.75,6891.125
2020-04-10 14:00:00 UTC,18071419.6666667,15444687.3333333,6883.91666666667
2020-04-10 15:00:00 UTC,15119292.5,16076574.0,6811.125
2020-04-10 16:00:00 UTC,16342346.0,11077020.0,6821.125
2020-04-10 17:00:00 UTC,20518209.0,11833424.6666667,6875.41666666667
2020-04-10 18:00:00 UTC,19147263.25,12606859.25,6887.625
2020-04-10 19:00:00 UTC,19194743.5,16393742.75,6923.875
2020-04-10 20:00:00 UTC,15935830.25,15150865.0,6906.5
2020-04-10 21:00:00 UTC,20393762.0,14244906.0,6919.25
2020-04-10 22:00:00 UTC,16889767.0,14148448.75,6897.625
2020-04-10 23:00:00 UTC,12741304.0,15900256.6666667,6853.25
2020-04-11 00:00:00 UTC,16741102.25,11574584.75,6887.125
2020-04-11 01:00:00 UTC,25741374.0,12742988.3333333,6908.41666666667
2020-04-11 02:00:00 UTC,26690439.0,13196175.0,6911.58333333333
2020-04-11 03:00:00 UTC,27025501.0,13846224.6666667,6915.08333333333
2020-04-11 04:00:00 UTC,28657091.75,13877659.75,6932.0
2020-04-11 05:00:00 UTC,27779655.0,15439148.6666667,6930.91666666667
2020-04-11 06:00:00 UTC,28743695.0,15278479.3333333,6934.41666666667
2020-04-11 07:00:00 UTC,15771718.0,17101907.0,6893.25
2020-04-11 08:00:00 UTC,17491412.75,16373659.0,6889.625
2020-04-11 09:00:00 UTC,14413328.6666667,18235773.3333333,6866.41666666667
2020-04-11 10:00:00 UTC,16949757.75,16743778.0,6861.625
2020-04-11 11:00:00 UTC,19678007.6666667,12187350.0,6887.75
2020-04-11 12:00:00 UTC,18064572.3333333,13881902.3333333,6879.41666666667
2020-04-11 13:00:00 UTC,18685550.75,16450968.5,6872.375
2020-04-11 14:00:00 UTC,18262650.6666667,17302198.3333333,6834.58333333333
2020-04-11 15:00:00 UTC,17265937.3333333,15141057.3333333,6841.91666666667
2020-04-11 16:00:00 UTC,15641885.25,17458078.0,6837.625
2020-04-11 17:00:00 UTC,14740451.3333333,18828467.3333333,6810.25
2020-04-11 18:00:00 UTC,15277923.0,17623186.0,6804.75
2020-04-11 19:00:00 UTC,15271725.3333333,17079227.0,6816.58333333333
2020-04-11 20:00:00 UTC,12049574.5,18507880.5,6780.25
2020-04-11 21:00:00 UTC,15043254.0,14831054.3333333,6802.33333333333
2020-04-11 22:00:00 UTC,19069007.3333333,11283135.6666667,6869.58333333333
2020-04-11 23:00:00 UTC,22191772.0,12273184.5,6875.375
2020-04-12 00:00:00 UTC,20071268.6666667,15442427.6666667,6879.75
2020-04-12 01:00:00 UTC,18062410.3333333,15178626.3333333,6868.41666666667
2020-04-12 02:00:00 UTC,13040152.0,17260780.5,6818.25
2020-04-12 03:00:00 UTC,15923429.3333333,15756721.3333333,6824.58333333333
2020-04-12 04:00:00 UTC,16315732.0,15900626.3333333,6815.75
2020-04-12 05:00:00 UTC,17813634.6666667,15467282.3333333,6829.91666666667
2020-04-12 06:00:00 UTC,18928394.6666667,15545762.3333333,6833.75
2020-04-12 07:00:00 UTC,19034048.0,16392695.0,6827.41666666667
2020-04-12 08:00:00 UTC,20565192.3333333,18870042.3333333,6838.75
2020-04-12 09:00:00 UTC,21156157.3333333,16556028.6666667,6853.08333333333
2020-04-12 10:00:00 UTC,20475303.3333333,18869001.3333333,6842.25
2020-04-12 11:00:00 UTC,22087208.6666667,14241460.6666667,6861.25
2020-04-12 12:00:00 UTC,21183238.6666667,16188744.3333333,6907.08333333333
2020-04-12 13:00:00 UTC,22686145.0,18095865.6666667,6919.25
2020-04-12 14:00:00 UTC,26410134.0,17006680.0,6967.75
2020-04-12 15:00:00 UTC,29843037.6666667,18533150.3333333,6993.91666666667
2020-04-12 16:00:00 UTC,24013110.6666667,15616154.3333333,7080.91666666667
2020-04-12 17:00:00 UTC,18184083.0,20851705.0,7132.08333333333
2020-04-12 18:00:00 UTC,17201800.0,18557528.25,7113.5
2020-04-12 19:00:00 UTC,20258926.6666667,14049026.6666667,7134.91666666667
2020-04-12 20:00:00 UTC,16430654.3333333,15015434.3333333,7136.91666666667
2020-04-12 21:00:00 UTC,15145323.0,18176551.0,7113.91666666667
2020-04-12 22:00:00 UTC,13219163.0,14637972.3333333,7035.41666666667
2020-04-12 23:00:00 UTC,13626478.6666667,14580900.6666667,7006.91666666667
2020-04-13 00:00:00 UTC,12281022.3333333,11597073.3333333,6769.25
2020-04-13 01:00:00 UTC,15575112.0,11113802.6666667,6697.91666666667
2020-04-13 02:00:00 UTC,16751028.3333333,10249899.0,6699.25
2020-04-13 03:00:00 UTC,16952677.0,10823571.0,6696.25
2020-04-13 04:00:00 UTC,17689724.3333333,11060226.0,6689.58333333333
2020-04-13 05:00:00 UTC,19090124.0,14032836.6666667,6702.41666666667
2020-04-13 06:00:00 UTC,23417469.0,15181341.6666667,6723.08333333333
2020-04-13 07:00:00 UTC,18057417.5,16229625.5,6705.25
2020-04-13 08:00:00 UTC,21560213.0,13611284.0,6717.08333333333
2020-04-13 09:00:00 UTC,18247443.0,14468985.0,6689.75
2020-04-13 10:00:00 UTC,21482336.5,12602439.5,6706.75
2020-04-13 11:00:00 UTC,23385606.3333333,12589350.6666667,6754.41666666667
2020-04-13 12:00:00 UTC,16882818.0,14118068.0,6700.75
2020-04-13 13:00:00 UTC,15233132.0,14392491.5,6690.0
2020-04-13 14:00:00 UTC,13045249.0,11358712.6666667,6719.25
2020-04-13 15:00:00 UTC,16280495.5,14026454.5,6754.25
2020-04-13 16:00:00 UTC,11822814.3333333,15459271.0,6767.58333333333
2020-04-13 17:00:00 UTC,12867769.6666667,15543749.0,6770.58333333333
2020-04-13 18:00:00 UTC,15620128.3333333,14859442.3333333,6775.91666666667
2020-04-13 19:00:00 UTC,15871469.5,15334006.5,6785.75
2020-04-13 20:00:00 UTC,17236883.0,10745201.6666667,6814.25
2020-04-13 21:00:00 UTC,16706135.6666667,11323052.3333333,6870.41666666667
2020-04-13 22:00:00 UTC,9991422.0,11707113.3333333,6859.91666666667
2020-04-13 23:00:00 UTC,12948080.3333333,13213228.3333333,6858.75
2020-04-14 00:00:00 UTC,12373092.0,14363824.6666667,6858.58333333333
2020-04-14 01:00:00 UTC,13027551.0,14411413.3333333,6852.25
2020-04-14 02:00:00 UTC,15923011.3333333,13069450.0,6871.58333333333
2020-04-14 03:00:00 UTC,21210479.6666667,14280375.6666667,6879.41666666667
2020-04-14 04:00:00 UTC,21922685.0,15463299.3333333,6899.75
2020-04-14 05:00:00 UTC,22596371.0,14790814.0,6896.08333333333
2020-04-14 06:00:00 UTC,20145580.5,17140083.0,6884.5
2020-04-14 07:00:00 UTC,17403982.0,16962451.0,6873.91666666667
2020-04-14 08:00:00 UTC,17369573.6666667,15446088.3333333,6799.91666666667
2020-04-14 09:00:00 UTC,19466198.0,15667128.5,6804.75
2020-04-14 10:00:00 UTC,19441538.6666667,14035072.0,6862.41666666667
2020-04-14 11:00:00 UTC,15722764.0,15650413.0,6842.0
2020-04-14 12:00:00 UTC,17427470.3333333,15004962.6666667,6840.08333333333
2020-04-14 13:00:00 UTC,22691872.5,12813528.5,6883.0
2020-04-14 14:00:00 UTC,19030700.0,14384218.6666667,6916.08333333333
2020-04-14 15:00:00 UTC,20210800.0,13912499.0,6924.75
2020-04-14 16:00:00 UTC,23019482.0,13506008.0,6948.0
2020-04-14 17:00:00 UTC,21403403.0,15695552.6666667,6954.91666666667
2020-04-14 18:00:00 UTC,16095632.6666667,17071446.6666667,6923.08333333333
2020-04-14 19:00:00 UTC,13365463.0,12948942.0,6889.5
2020-04-14 20:00:00 UTC,14039683.6666667,12418431.0,6897.75
2020-04-14 21:00:00 UTC,14554968.0,13811770.6666667,6865.58333333333
2020-04-14 22:00:00 UTC,17072789.3333333,12676765.6666667,6886.91666666667
2020-04-14 23:00:00 UTC,15632480.3333333,15569637.6666667,6877.08333333333
2020-04-15 00:00:00 UTC,13357659.5,17203547.5,6832.5
2020-04-15 01:00:00 UTC,15654260.0,15832695.3333333,6848.08333333333
2020-04-15 02:00:00 UTC,20043424.0,15431011.0,6895.5
2020-04-15 03:00:00 UTC,21479080.6666667,18787143.3333333,6896.91666666667
2020-04-15 04:00:00 UTC,24502203.3333333,15657291.3333333,6917.41666666667
2020-04-15 05:00:00 UTC,22198511.3333333,17092040.6666667,6901.91666666667
2020-04-15 06:00:00 UTC,21607327.25,16361522.75,6909.25
2020-04-15 07:00:00 UTC,18832529.0,19006938.6666667,6885.58333333333
2020-04-15 08:00:00 UTC,19907155.6666667,20161403.0,6874.41666666667
2020-04-15 09:00:00 UTC,19573696.0,21718019.5,6847.375
2020-04-15 10:00:00 UTC,17552022.3333333,15993301.0,6824.08333333333
2020-04-15 11:00:00 UTC,21639091.0,15791550.3333333,6773.25
2020-04-15 12:00:00 UTC,20338289.5,18241130.0,6726.125
2020-04-15 13:00:00 UTC,22728299.0,17434045.6666667,6726.75
2020-04-15 14:00:00 UTC,22375803.75,22939176.5,6732.75
2020-04-15 15:00:00 UTC,19179942.0,21478415.6666667,6718.41666666667
2020-04-15 16:00:00 UTC,22115315.25,17941992.5,6725.75
2020-04-15 17:00:00 UTC,24448970.25,19705264.75,6745.0
2020-04-15 18:00:00 UTC,25214824.6666667,13449654.3333333,6765.08333333333
2020-04-15 19:00:00 UTC,20517668.0,17191111.25,6738.375
2020-04-15 20:00:00 UTC,23344816.0,16902459.0,6748.25
2020-04-15 21:00:00 UTC,22135755.0,16961486.0,6743.91666666667
2020-04-15 22:00:00 UTC,13989701.0,19750121.0,6709.41666666667
2020-04-15 23:00:00 UTC,16414401.25,15898657.5,6622.875
2020-04-16 00:00:00 UTC,13692293.0,11896949.6666667,6543.75
2020-04-16 01:00:00 UTC,13754476.25,14393993.75,6590.625
2020-04-16 02:00:00 UTC,18897061.0,14545539.3333333,6634.75
2020-04-16 03:00:00 UTC,16801400.75,14929167.75,6630.75
2020-04-16 04:00:00 UTC,16776197.0,16208298.0,6645.25
2020-04-16 05:00:00 UTC,17173783.75,16695077.75,6641.875
2020-04-16 06:00:00 UTC,20138251.6666667,13584945.3333333,6675.58333333333
2020-04-16 07:00:00 UTC,12946332.75,17846100.25,6868.625
2020-04-16 08:00:00 UTC,12083025.25,16435850.0,6990.75
2020-04-16 09:00:00 UTC,12305209.5,16642511.5,7059.0
2020-04-16 10:00:00 UTC,14372302.6666667,15334043.0,7025.08333333333
2020-04-16 11:00:00 UTC,15726062.75,15062745.5,7008.75
2020-04-16 12:00:00 UTC,15447419.25,15886139.5,7011.375
2020-04-16 13:00:00 UTC,13059511.25,16698752.0,7032.5
2020-04-16 14:00:00 UTC,18723228.75,16909262.75,7011.0
2020-04-16 15:00:00 UTC,19265584.0,13811973.25,7047.25
2020-04-16 16:00:00 UTC,15496005.0,15909976.25,7004.25
2020-04-16 17:00:00 UTC,16737636.5,12961386.75,7014.125
2020-04-16 18:00:00 UTC,16856318.0,13073027.8,7015.65
2020-04-16 19:00:00 UTC,17569970.6,11985838.2,7035.45
2020-04-16 20:00:00 UTC,14475230.5,11443697.25,7023.75
2020-04-16 21:00:00 UTC,17277165.5,11748148.25,7066.125
2020-04-16 22:00:00 UTC,20936227.25,10398276.0,7123.25
2020-04-16 23:00:00 UTC,9661901.25,14197333.5,7149.75
2020-04-17 00:00:00 UTC,11624605.4,10758655.8,7081.85
2020-04-17 01:00:00 UTC,16312186.5,9157876.75,7105.0
2020-04-17 02:00:00 UTC,15648919.0,12075126.0,7090.875
2020-04-17 03:00:00 UTC,14701464.25,13729495.75,7076.75
2020-04-17 04:00:00 UTC,12959992.0,16510756.75,7055.25
2020-04-17 05:00:00 UTC,16835887.6666667,13396468.3333333,7068.58333333333
2020-04-17 06:00:00 UTC,17166620.0,15949625.5,7054.875
2020-04-17 07:00:00 UTC,16968163.6666667,16292915.6666667,7046.25
2020-04-17 08:00:00 UTC,18944007.0,14695233.3333333,7071.25
2020-04-17 09:00:00 UTC,21453725.75,15766163.75,7096.5
2020-04-17 10:00:00 UTC,20858883.0,17709358.6666667,7104.75
2020-04-17 11:00:00 UTC,18341732.5,17233510.0,7090.0
2020-04-17 12:00:00 UTC,19660966.3333333,18242823.6666667,7089.75
2020-04-17 13:00:00 UTC,18355646.0,17835992.0,7061.375
2020-04-17 14:00:00 UTC,17639911.6666667,17041950.0,7038.41666666667
2020-04-17 15:00:00 UTC,19833965.0,15946864.5,7045.0
2020-04-17 16:00:00 UTC,21128477.3333333,17149929.3333333,7054.58333333333
2020-04-17 17:00:00 UTC,20598940.5,17770029.25,7050.0
2020-04-17 18:00:00 UTC,19855741.6666667,18958602.3333333,7039.08333333333
2020-04-17 19:00:00 UTC,20496227.0,14312977.25,7061.375
2020-04-17 20:00:00 UTC,20591390.3333333,13823983.3333333,7076.58333333333
2020-04-17 21:00:00 UTC,19141843.0,13982209.3333333,7072.08333333333
2020-04-17 22:00:00 UTC,16959685.0,14968083.5,7061.875
2020-04-17 23:00:00 UTC,15713605.3333333,11861559.3333333,7098.08333333333
2020-04-18 00:00:00 UTC,19969677.25,14643011.25,7062.125
2020-04-18 01:00:00 UTC,23757672.0,16466707.3333333,7076.58333333333
2020-04-18 02:00:00 UTC,17731565.3333333,16291156.6666667,7100.91666666667
2020-04-18 03:00:00 UTC,17656565.0,18434297.0,7095.58333333333
2020-04-18 04:00:00 UTC,19049945.6666667,19501260.3333333,7098.41666666667
2020-04-18 05:00:00 UTC,18380458.6666667,17392658.6666667,7108.08333333333
2020-04-18 06:00:00 UTC,17532319.3333333,17973078.6666667,7106.08333333333
2020-04-18 07:00:00 UTC,16536836.3333333,20558201.0,7100.91666666667
2020-04-18 08:00:00 UTC,18126668.5,19705148.5,7105.25
2020-04-18 09:00:00 UTC,17971880.6666667,20761700.3333333,7101.58333333333
2020-04-18 10:00:00 UTC,16958429.5,23633841.5,7084.5
2020-04-18 11:00:00 UTC,18649672.0,24184549.6666667,7081.08333333333
2020-04-18 12:00:00 UTC,17926057.5,19508537.0,7101.25
2020-04-18 13:00:00 UTC,18532998.6666667,16989793.3333333,7199.91666666667
2020-04-18 14:00:00 UTC,18921324.5,23443355.5,7241.0
2020-04-18 15:00:00 UTC,20091846.0,20701061.6666667,7238.41666666667
2020-04-18 16:00:00 UTC,18050389.0,20443085.5,7198.0
2020-04-18 17:00:00 UTC,19839874.0,21285669.0,7198.75
2020-04-18 18:00:00 UTC,18608130.0,21628432.0,7194.75
2020-04-18 19:00:00 UTC,19952643.5,16117243.5,7207.5
2020-04-18 20:00:00 UTC,19966096.5,14481117.0,7219.0
2020-04-18 21:00:00 UTC,20108968.0,15070079.0,7227.91666666667
2020-04-18 22:00:00 UTC,23211819.5,14363742.0,7256.75
2020-04-18 23:00:00 UTC,17550855.5,16751283.0,7263.0
2020-04-19 00:00:00 UTC,14112471.0,17284899.5,7219.75
2020-04-19 01:00:00 UTC,17684727.5,21002747.5,7218.0
2020-04-19 02:00:00 UTC,18121549.5,17450298.5,7229.0
2020-04-19 03:00:00 UTC,21498587.5,18905602.5,7233.5
2020-04-19 04:00:00 UTC,22246750.0,17307644.0,7243.75
2020-04-19 05:00:00 UTC,21588123.5,18206738.0,7228.5
2020-04-19 06:00:00 UTC,17496677.0,14181399.5,7153.25
2020-04-19 07:00:00 UTC,18416494.0,17415486.0,7150.75
2020-04-19 08:00:00 UTC,20489266.5,19036742.5,7147.25
2020-04-19 09:00:00 UTC,21712743.0,17480310.0,7165.75
2020-04-19 10:00:00 UTC,23990640.0,17672648.0,7173.25
2020-04-19 11:00:00 UTC,20779295.0,19615270.0,7161.0
2020-04-19 12:00:00 UTC,23495905.0,17683420.5,7166.0
2020-04-19 13:00:00 UTC,16860177.5,20836263.0,7126.5
2020-04-19 14:00:00 UTC,19453413.5,18365744.0,7097.0
2020-04-19 15:00:00 UTC,23226258.0,16286638.0,7108.25
2020-04-19 16:00:00 UTC,22048438.0,17442671.0,7109.5
2020-04-19 17:00:00 UTC,23685555.5,14867345.5,7152.0
2020-04-19 18:00:00 UTC,23847723.0,17824783.0,7158.25
2020-04-19 19:00:00 UTC,18630317.0,19761246.5,7143.25
2020-04-19 20:00:00 UTC,17664198.5,19399033.5,7138.25
2020-04-19 21:00:00 UTC,19847398.0,17016985.0,7160.75
2020-04-19 22:00:00 UTC,18890643.5,13676849.0,7184.75
2020-04-19 23:00:00 UTC,16188653.5,17221851.5,7159.0
2020-04-20 00:00:00 UTC,17805836.0,13625316.0,7162.25
2020-04-20 01:00:00 UTC,18185883.0,18331589.0,7153.25
2020-04-20 02:00:00 UTC,18924567.0,17408845.5,7169.75
2020-04-20 03:00:00 UTC,22348102.0,19262158.5,7176.5
2020-04-20 04:00:00 UTC,22561497.0,16129070.0,7204.25
2020-04-20 05:00:00 UTC,16475179.0,18492284.0,7183.25
2020-04-20 06:00:00 UTC,18456542.5,22248056.5,7177.5
2020-04-20 07:00:00 UTC,21780567.0,18498956.0,7192.25
2020-04-20 08:00:00 UTC,17022340.5,20807315.0,7159.5
2020-04-20 09:00:00 UTC,19733895.0,22097666.0,7153.0
2020-04-20 10:00:00 UTC,17603232.0,18177035.0,7108.25
2020-04-20 11:00:00 UTC,20309593.5,20077873.5,7059.5
2020-04-20 12:00:00 UTC,23223266.5,14108111.0,7007.25
2020-04-20 13:00:00 UTC,21715574.0,19940927.0,7022.25
2020-04-20 14:00:00 UTC,23745514.0,20806708.5,7040.5
2020-04-20 15:00:00 UTC,23537751.5,22176826.5,7075.75
2020-04-20 16:00:00 UTC,19438056.0,23973780.0,7056.75
2020-04-20 17:00:00 UTC,14880324.0,20693017.0,7005.75
2020-04-20 18:00:00 UTC,12969227.5,12484128.5,6920.25
2020-04-20 19:00:00 UTC,14344765.0,14416746.0,6852.75
2020-04-20 20:00:00 UTC,18431605.0,13461813.5,6839.0
2020-04-20 21:00:00 UTC,16662511.5,13651248.5,6862.25
2020-04-20 22:00:00 UTC,17764546.0,13084787.5,6873.0
2020-04-20 23:00:00 UTC,13518298.0,17427623.5,6835.25
2020-04-21 00:00:00 UTC,18946085.0,11292925.0,6889.75
2020-04-21 01:00:00 UTC,18660509.5,14605251.5,6889.75
2020-04-21 02:00:00 UTC,14855222.0,16678145.0,6869.75
2020-04-21 03:00:00 UTC,18677502.5,17148843.5,6864.75
2020-04-21 04:00:00 UTC,18176198.0,18552995.0,6842.75
2020-04-21 05:00:00 UTC,22650065.5,18288385.0,6875.5
2020-04-21 06:00:00 UTC,22123941.5,21928005.0,6888.75
2020-04-21 07:00:00 UTC,22589406.0,22268676.0,6886.75
2020-04-21 08:00:00 UTC,19533362.0,22923642.0,6878.75
2020-04-21 09:00:00 UTC,17195896.5,24571552.0,6841.0
2020-04-21 10:00:00 UTC,18459540.0,16944341.0,6833.0
2020-04-21 11:00:00 UTC,27760874.0,13726012.0,6820.25
2020-04-21 12:00:00 UTC,23868360.0,18579413.5,6825.5
2020-04-21 13:00:00 UTC,23114473.0,22368109.5,6808.25
2020-04-21 14:00:00 UTC,19761852.0,17383062.0,6833.5
2020-04-21 15:00:00 UTC,16690910.0,20368036.0,6827.25
2020-04-21 16:00:00 UTC,19507263.5,19339105.5,6841.5
2020-04-21 17:00:00 UTC,19295079.5,21620212.0,6859.0
2020-04-21 18:00:00 UTC,14434419.5,21010766.5,6900.25
2020-04-21 19:00:00 UTC,14853640.0,17722156.0,6897.25
2020-04-21 20:00:00 UTC,14124038.0,23454423.5,6872.0
2020-04-21 21:00:00 UTC,17078189.0,19987868.5,6893.5
2020-04-21 22:00:00 UTC,17167936.0,22120480.5,6891.0
2020-04-21 23:00:00 UTC,16961930.0,23490802.0,6890.75
2020-04-22 00:00:00 UTC,16158570.5,22014535.5,6843.25
2020-04-22 01:00:00 UTC,17113846.0,21641663.0,6842.75
2020-04-22 02:00:00 UTC,18623165.0,19422900.5,6867.5
2020-04-22 03:00:00 UTC,15730235.0,20146948.0,6864.75
2020-04-22 04:00:00 UTC,17931393.0,20024538.5,6867.25
2020-04-22 05:00:00 UTC,17483766.5,20776157.0,6878.25
2020-04-22 06:00:00 UTC,21960470.0,18350527.0,6915.75
2020-04-22 07:00:00 UTC,27744078.0,16915401.5,6946.25
2020-04-22 08:00:00 UTC,22168913.0,25365482.0,6942.25
2020-04-22 09:00:00 UTC,22671079.0,25640024.5,6963.75
2020-04-22 10:00:00 UTC,21766004.0,30267924.0,6955.25
2020-04-22 11:00:00 UTC,21117607.0,29180397.0,6953.0
2020-04-22 12:00:00 UTC,21875207.5,30429663.5,6951.0
2020-04-22 13:00:00 UTC,26788525.5,20818353.5,7048.5
2020-04-22 14:00:00 UTC,20277134.0,25540048.0,7093.75
2020-04-22 15:00:00 UTC,16983323.5,29945903.0,7096.75
2020-04-22 16:00:00 UTC,30760915.0,25266598.0,7133.0
2020-04-22 17:00:00 UTC,18916937.5,29484978.5,7107.0
2020-04-22 18:00:00 UTC,19236394.0,28066821.0,7098.75
2020-04-22 19:00:00 UTC,19286076.5,26438551.0,7111.0
2020-04-22 20:00:00 UTC,20287936.5,25558025.5,7106.5
2020-04-22 21:00:00 UTC,20878070.0,23337266.5,7114.0
2020-04-22 22:00:00 UTC,20405256.0,25340344.0,7109.25
2020-04-22 23:00:00 UTC,19842664.5,25103289.0,7119.5
2020-04-23 00:00:00 UTC,19983906.5,26817998.5,7118.0
2020-04-23 01:00:00 UTC,26182757.0,20126826.0,7142.25
2020-04-23 02:00:00 UTC,29598308.0,23065802.0,7159.25
2020-04-23 03:00:00 UTC,22907095.5,25396992.0,7134.25
2020-04-23 04:00:00 UTC,18692933.0,28712450.0,7114.75
2020-04-23 05:00:00 UTC,25845110.0,22952074.0,7134.75
2020-04-23 06:00:00 UTC,17307264.5,19458848.0,7057.75
2020-04-23 07:00:00 UTC,22536571.5,20294853.0,7061.75
2020-04-23 08:00:00 UTC,22347223.0,18831024.0,7082.5
2020-04-23 09:00:00 UTC,20851390.0,18000604.0,7080.25
2020-04-23 10:00:00 UTC,25530801.5,18982134.0,7091.75
2020-04-23 11:00:00 UTC,22983660.0,19792683.0,7108.0
2020-04-23 12:00:00 UTC,30557313.0,24481414.0,7159.25
2020-04-23 13:00:00 UTC,31515650.0,20246909.0,7174.75
2020-04-23 14:00:00 UTC,23632633.5,12759181.5,7450.5
2020-04-23 15:00:00 UTC,16223511.5,17275378.5,7529.75
2020-04-23 16:00:00 UTC,15011945.5,17440077.5,7538.25
2020-04-23 17:00:00 UTC,13718785.0,20042129.0,7526.75
2020-04-23 18:00:00 UTC,19534985.5,16633506.5,7559.5
2020-04-23 19:00:00 UTC,17318626.0,19285898.0,7538.5
2020-04-23 20:00:00 UTC,16333427.5,18362441.5,7553.0
2020-04-23 21:00:00 UTC,17949376.0,16629119.0,7566.75
2020-04-23 22:00:00 UTC,19877158.5,16686347.5,7575.5
2020-04-23 23:00:00 UTC,15296248.5,19651587.0,7503.75
2020-04-24 00:00:00 UTC,16938614.0,13956031.0,7514.75
2020-04-24 01:00:00 UTC,17463500.0,16978776.0,7500.25
2020-04-24 02:00:00 UTC,19398708.0,19844665.5,7501.75
2020-04-24 03:00:00 UTC,18184212.0,17078805.5,7529.25
2020-04-24 04:00:00 UTC,14923444.0,23720408.0,7505.75
2020-04-24 05:00:00 UTC,18839803.5,18250683.5,7530.25
2020-04-24 06:00:00 UTC,18604312.5,21854203.0,7517.75
2020-04-24 07:00:00 UTC,25289845.0,16634403.0,7561.0
2020-04-24 08:00:00 UTC,22181325.0,18293121.0,7561.75
2020-04-24 09:00:00 UTC,22515998.5,18753951.5,7568.0
2020-04-24 10:00:00 UTC,18128496.0,21894307.5,7534.75
2020-04-24 11:00:00 UTC,15308390.0,26227433.5,7503.5
2020-04-24 12:00:00 UTC,18417582.0,25241572.0,7490.75
2020-04-24 13:00:00 UTC,21020913.0,25421440.0,7508.25
2020-04-24 14:00:00 UTC,17332781.0,24081119.5,7465.75
2020-04-24 15:00:00 UTC,23963179.5,15120139.5,7503.75
2020-04-24 16:00:00 UTC,22223242.0,15642949.0,7510.25
2020-04-24 17:00:00 UTC,24006908.5,15551034.0,7509.0
2020-04-24 18:00:00 UTC,26920012.5,15456748.5,7530.5
2020-04-24 19:00:00 UTC,21036970.0,18349163.0,7508.75
2020-04-24 20:00:00 UTC,23549575.0,17797390.5,7534.5
2020-04-24 21:00:00 UTC,24785464.5,16143644.5,7540.25
2020-04-24 22:00:00 UTC,18889143.0,19708770.0,7497.5
2020-04-24 23:00:00 UTC,21986359.0,19070354.0,7499.25
2020-04-25 00:00:00 UTC,19243963.5,19117000.0,7488.5
2020-04-25 01:00:00 UTC,20384244.0,14016514.0,7487.75
2020-04-25 02:00:00 UTC,23937053.5,13063480.5,7499.25
2020-04-25 03:00:00 UTC,24531106.0,14477418.0,7504.25
2020-04-25 04:00:00 UTC,27127689.5,13772000.5,7520.0
2020-04-25 05:00:00 UTC,29526177.0,15668430.5,7538.75
2020-04-25 06:00:00 UTC,25158711.0,17902164.5,7552.0
2020-04-25 07:00:00 UTC,22687340.0,19375318.0,7559.25
2020-04-25 08:00:00 UTC,19996880.0,19651078.5,7541.75
2020-04-25 09:00:00 UTC,23349401.0,17701450.0,7551.75
2020-04-25 10:00:00 UTC,23776496.5,22835497.0,7556.25
2020-04-25 11:00:00 UTC,22582566.5,21756029.0,7559.5
2020-04-25 12:00:00 UTC,17121217.0,27854883.0,7546.75
2020-04-25 13:00:00 UTC,23151470.5,20649311.5,7583.0
2020-04-25 14:00:00 UTC,19504485.0,28918986.0,7573.75
2020-04-25 15:00:00 UTC,21958130.5,24503489.5,7581.75
2020-04-25 16:00:00 UTC,20585751.5,18981032.5,7554.5
2020-04-25 17:00:00 UTC,22102405.0,25428482.0,7530.25
2020-04-25 18:00:00 UTC,24061062.5,23391200.5,7535.0
2020-04-25 19:00:00 UTC,22583209.0,19559161.0,7548.25
2020-04-25 20:00:00 UTC,22495639.0,19218750.0,7554.5
2020-04-25 21:00:00 UTC,22260663.0,21985275.0,7540.75
2020-04-25 22:00:00 UTC,23047756.0,20627229.5,7535.75
2020-04-25 23:00:00 UTC,23034652.5,21475183.0,7531.25
2020-04-26 00:00:00 UTC,26036282.0,20196361.0,7556.25
2020-04-26 01:00:00 UTC,21929144.0,22127782.5,7570.0
2020-04-26 02:00:00 UTC,19705735.0,23907951.0,7571.75
2020-04-26 03:00:00 UTC,19244487.0,27828806.0,7566.75
2020-04-26 04:00:00 UTC,19598623.5,30443082.5,7559.0
2020-04-26 05:00:00 UTC,20770294.0,33094606.0,7540.25
2020-04-26 06:00:00 UTC,20914985.5,31265700.5,7543.75
2020-04-26 07:00:00 UTC,22684590.0,26241305.0,7553.75
2020-04-26 08:00:00 UTC,21555255.5,32737975.5,7549.5
2020-04-26 09:00:00 UTC,24723100.0,29105606.0,7572.75
2020-04-26 10:00:00 UTC,19468214.5,23706653.0,7594.25
2020-04-26 11:00:00 UTC,25490286.0,18801806.5,7662.5
2020-04-26 12:00:00 UTC,23044628.0,22661053.0,7647.75
2020-04-26 13:00:00 UTC,20506576.5,22740630.5,7674.0
2020-04-26 14:00:00 UTC,17949569.0,29200667.0,7668.25
2020-04-26 15:00:00 UTC,18467929.5,24009533.0,7593.25
2020-04-26 16:00:00 UTC,21153617.0,14504557.5,7568.5
2020-04-26 17:00:00 UTC,23654407.0,15998276.0,7567.25
2020-04-26 18:00:00 UTC,22240662.5,18345229.0,7614.0
2020-04-26 19:00:00 UTC,22418937.0,21749397.0,7624.75
2020-04-26 20:00:00 UTC,17090569.0,23944046.5,7639.75
2020-04-26 21:00:00 UTC,17200493.0,20908499.0,7654.25
2020-04-26 22:00:00 UTC,16409002.5,21652882.0,7622.25
2020-04-26 23:00:00 UTC,19949154.5,13508148.5,7666.75
2020-04-27 00:00:00 UTC,22120495.0,14513430.0,7765.75
2020-04-27 01:00:00 UTC,16351568.5,16340259.5,7719.5
2020-04-27 02:00:00 UTC,15079049.0,18759957.0,7698.75
2020-04-27 03:00:00 UTC,20472195.5,13803586.5,7751.75
2020-04-27 04:00:00 UTC,21028530.5,16843433.5,7733.75
2020-04-27 05:00:00 UTC,20568087.0,17378756.0,7742.75
2020-04-27 06:00:00 UTC,19661229.5,21931129.0,7700.75
2020-04-27 07:00:00 UTC,20286964.0,19948077.0,7680.75
2020-04-27 08:00:00 UTC,19215374.0,21900444.0,7720.75
2020-04-27 09:00:00 UTC,20440641.0,23658255.5,7698.5
2020-04-27 10:00:00 UTC,20827532.0,22380425.0,7699.25
2020-04-27 11:00:00 UTC,23713170.0,18091329.5,7714.0
2020-04-27 12:00:00 UTC,21504528.0,19592791.0,7710.25
2020-04-27 13:00:00 UTC,20722088.5,22906946.0,7690.0
2020-04-27 14:00:00 UTC,19398696.0,22075518.0,7686.75
2020-04-27 15:00:00 UTC,21614604.0,21633789.0,7679.5
2020-04-27 16:00:00 UTC,24180203.0,25003719.5,7673.5
2020-04-27 17:00:00 UTC,31751891.0,23590699.0,7658.25
2020-04-27 18:00:00 UTC,25940311.0,18626093.5,7691.0
2020-04-27 19:00:00 UTC,23794141.0,17807506.0,7707.75
2020-04-27 20:00:00 UTC,23935028.5,19624614.5,7710.0
2020-04-27 21:00:00 UTC,25162663.5,19968851.0,7737.75
